{
  "loss": [
    1.0466742515563965,
    0.7757068872451782,
    0.6491157412528992,
    0.6296142339706421,
    0.5260202288627625,
    0.46452203392982483,
    0.38914915919303894,
    0.37220245599746704,
    0.3319433033466339,
    0.29608023166656494,
    0.2744605839252472,
    0.25891050696372986,
    0.2319784164428711,
    0.21425698697566986,
    0.19260744750499725,
    0.19278371334075928,
    0.1986081302165985,
    0.14257271587848663,
    0.12186964601278305,
    0.12247661501169205
  ],
  "accuracy": [
    0.5374179482460022,
    0.6628008484840393,
    0.7144420146942139,
    0.7266958355903625,
    0.7809628248214722,
    0.8249452710151672,
    0.8582056760787964,
    0.862144410610199,
    0.8800875544548035,
    0.8910284638404846,
    0.9028446674346924,
    0.9072210192680359,
    0.918599545955658,
    0.9264770150184631,
    0.9284464120864868,
    0.9297593235969543,
    0.9323851466178894,
    0.9531728625297546,
    0.9547045826911926,
    0.9560174942016602
  ],
  "val_loss": [
    0.869951605796814,
    0.6630293130874634,
    0.5322754383087158,
    0.6119206547737122,
    0.47419512271881104,
    0.5684807300567627,
    0.4011485278606415,
    0.28542524576187134,
    0.29236841201782227,
    0.2654823660850525,
    0.23738496005535126,
    0.2737780213356018,
    0.21849554777145386,
    0.19947052001953125,
    0.2319912314414978,
    0.22979716956615448,
    0.4143223166465759,
    0.1895226687192917,
    0.186855748295784,
    0.16944904625415802
  ],
  "val_accuracy": [
    0.6462346911430359,
    0.7408056259155273,
    0.7837128043174744,
    0.7740805745124817,
    0.8266199827194214,
    0.807355523109436,
    0.8660244941711426,
    0.8975481390953064,
    0.9089316725730896,
    0.9159369468688965,
    0.9194395542144775,
    0.8992995023727417,
    0.9343257546424866,
    0.9238178730010986,
    0.917688250541687,
    0.9308230876922607,
    0.8677758574485779,
    0.9413309693336487,
    0.9369527101516724,
    0.9553415179252625
  ],
  "lr": [
    0.0010000000474974513,
    0.0010000000474974513,
    0.0010000000474974513,
    0.0010000000474974513,
    0.0010000000474974513,
    0.0010000000474974513,
    0.0010000000474974513,
    0.0010000000474974513,
    0.0010000000474974513,
    0.0010000000474974513,
    0.0010000000474974513,
    0.0010000000474974513,
    0.0010000000474974513,
    0.0010000000474974513,
    0.0010000000474974513,
    0.0010000000474974513,
    0.0010000000474974513,
    0.0005000000237487257,
    0.0005000000237487257,
    0.0005000000237487257
  ]
}