{
  "loss": [
    2.3130476474761963,
    1.6051093339920044,
    1.3801027536392212,
    1.1978681087493896,
    1.0815308094024658,
    0.9862001538276672,
    0.8652396202087402,
    0.7768803834915161,
    0.7526535391807556,
    0.6794782280921936,
    0.5999670624732971,
    0.5768027305603027,
    0.5363867282867432,
    0.48558810353279114,
    0.4284716248512268,
    0.4515326917171478,
    0.411133348941803,
    0.37799516320228577,
    0.3869660794734955,
    0.39318469166755676
  ],
  "weighted_recall": [
    0.5939867496490479,
    0.7295185923576355,
    0.7621028423309326,
    0.7946857810020447,
    0.8144720792770386,
    0.8294704556465149,
    0.8451880216598511,
    0.8682968020439148,
    0.873074471950531,
    0.8825824856758118,
    0.8994618654251099,
    0.9088947772979736,
    0.9149156808853149,
    0.9267451763153076,
    0.9340037107467651,
    0.930925190448761,
    0.9355149269104004,
    0.9406946301460266,
    0.9394547343254089,
    0.9394996762275696
  ],
  "accuracy": [
    0.5271334648132324,
    0.668927788734436,
    0.7028446197509766,
    0.7422319650650024,
    0.7713347673416138,
    0.7934354543685913,
    0.8172866702079773,
    0.8442013263702393,
    0.8514223098754883,
    0.865207850933075,
    0.8853391408920288,
    0.8936542868614197,
    0.9002188444137573,
    0.9144420027732849,
    0.9223194718360901,
    0.9175054430961609,
    0.9238511919975281,
    0.9304157495498657,
    0.9308533668518066,
    0.9288840293884277
  ],
  "val_loss": [
    0.906894862651825,
    0.7958136796951294,
    0.5974653959274292,
    0.9931291341781616,
    0.804599404335022,
    0.4475899338722229,
    1.903161883354187,
    0.6782471537590027,
    0.38007763028144836,
    0.3104909658432007,
    0.3704007565975189,
    0.35977575182914734,
    0.2630966305732727,
    0.3683198094367981,
    0.2561270296573639,
    0.26220861077308655,
    0.2002154141664505,
    0.1780434101819992,
    0.22738014161586761,
    0.2101120948791504
  ],
  "val_weighted_recall": [
    0.6888421773910522,
    0.7312398552894592,
    0.7878389954566956,
    0.7127156257629395,
    0.7626907229423523,
    0.8494748473167419,
    0.645995557308197,
    0.8086710572242737,
    0.8805858492851257,
    0.9054897427558899,
    0.9006058573722839,
    0.898850679397583,
    0.9193122982978821,
    0.8949871063232422,
    0.91660076379776,
    0.9139469265937805,
    0.9173987507820129,
    0.9412416219711304,
    0.9336037039756775,
    0.9211974740028381
  ],
  "val_accuracy": [
    0.6217162609100342,
    0.6847635507583618,
    0.7267950773239136,
    0.6322241425514221,
    0.7101576328277588,
    0.8353765606880188,
    0.5691769123077393,
    0.7758318781852722,
    0.8712784647941589,
    0.9054290652275085,
    0.8774080276489258,
    0.8782837390899658,
    0.9133099913597107,
    0.8756567239761353,
    0.9089316725730896,
    0.914185643196106,
    0.9290717840194702,
    0.9360770583152771,
    0.9299474358558655,
    0.9229422211647034
  ],
  "lr": [
    0.0010000000474974513,
    0.0010000000474974513,
    0.0010000000474974513,
    0.0010000000474974513,
    0.0010000000474974513,
    0.0010000000474974513,
    0.0010000000474974513,
    0.0010000000474974513,
    0.0010000000474974513,
    0.0010000000474974513,
    0.0010000000474974513,
    0.0010000000474974513,
    0.0010000000474974513,
    0.0010000000474974513,
    0.0010000000474974513,
    0.0010000000474974513,
    0.0010000000474974513,
    0.0010000000474974513,
    0.0010000000474974513,
    0.0010000000474974513
  ]
}