{
  "loss": [
    2.355360507965088,
    1.6042288541793823,
    1.4608473777770996,
    1.2935501337051392,
    1.1044217348098755,
    1.0013017654418945,
    0.8942922353744507,
    0.8358691334724426,
    0.7288446426391602,
    0.641543984413147,
    0.5592605471611023,
    0.5360500812530518,
    0.4974824786186218,
    0.4503071904182434,
    0.45048582553863525,
    0.3891153037548065,
    0.3818191885948181,
    0.349029004573822,
    0.31488126516342163,
    0.3062133491039276
  ],
  "weighted_recall": [
    0.5857363343238831,
    0.7270238399505615,
    0.7473840117454529,
    0.7774468660354614,
    0.8080765008926392,
    0.8208667635917664,
    0.8411312103271484,
    0.855495035648346,
    0.8672958016395569,
    0.8936974406242371,
    0.9077725410461426,
    0.9102060198783875,
    0.9182971119880676,
    0.9257887005805969,
    0.926199734210968,
    0.9394645690917969,
    0.9364364743232727,
    0.9447104930877686,
    0.9499695301055908,
    0.9524499177932739
  ],
  "accuracy": [
    0.522319495677948,
    0.6671772599220276,
    0.6866520643234253,
    0.7221006751060486,
    0.7577680349349976,
    0.7783370018005371,
    0.8048139810562134,
    0.82647705078125,
    0.8452954292297363,
    0.8735229969024658,
    0.8929978013038635,
    0.8964989185333252,
    0.9045951962471008,
    0.9142231941223145,
    0.9144420027732849,
    0.9286652207374573,
    0.9258205890655518,
    0.9367614984512329,
    0.9415754675865173,
    0.943544864654541
  ],
  "val_loss": [
    0.9846532344818115,
    1.0904649496078491,
    0.6886396408081055,
    0.7226000428199768,
    0.582033097743988,
    0.4677170515060425,
    0.9802476167678833,
    0.4931582808494568,
    0.5077932476997375,
    0.3839280605316162,
    0.33585330843925476,
    0.31141066551208496,
    0.40792927145957947,
    0.23566758632659912,
    0.24728161096572876,
    0.2649171054363251,
    0.28962278366088867,
    0.1730848103761673,
    0.15891338884830475,
    0.20918861031532288
  ],
  "val_weighted_recall": [
    0.6537262201309204,
    0.6610483527183533,
    0.7812844514846802,
    0.7610624432563782,
    0.8248133063316345,
    0.8531316518783569,
    0.7356234192848206,
    0.8501488566398621,
    0.8372925519943237,
    0.8852635622024536,
    0.8874678611755371,
    0.9114136695861816,
    0.8902919888496399,
    0.9254186749458313,
    0.9308656454086304,
    0.9260780811309814,
    0.9188371896743774,
    0.940407931804657,
    0.9429140686988831,
    0.9379335641860962
  ],
  "val_accuracy": [
    0.599824845790863,
    0.6094570755958557,
    0.7197898626327515,
    0.7259194254875183,
    0.7854641079902649,
    0.8257443308830261,
    0.696147084236145,
    0.8204903602600098,
    0.8274956345558167,
    0.864273190498352,
    0.8835376501083374,
    0.8975481390953064,
    0.8625218868255615,
    0.9185639023780823,
    0.9211909174919128,
    0.914185643196106,
    0.9010508060455322,
    0.9360770583152771,
    0.9448336362838745,
    0.9246935248374939
  ],
  "lr": [
    0.0010000000474974513,
    0.0010000000474974513,
    0.0010000000474974513,
    0.0010000000474974513,
    0.0010000000474974513,
    0.0010000000474974513,
    0.0010000000474974513,
    0.0010000000474974513,
    0.0010000000474974513,
    0.0005000000237487257,
    0.0005000000237487257,
    0.0005000000237487257,
    0.0005000000237487257,
    0.0005000000237487257,
    0.0005000000237487257,
    0.0005000000237487257,
    0.0005000000237487257,
    0.0002500000118743628,
    0.0002500000118743628,
    0.0002500000118743628
  ]
}